,match_date,home_team,away_team,home_team_score,away_team_score,home_team_players,away_team_players,events,stats,infos
0,03/04/22,Levante Feminino,Sevilha Feminino,3,0,"[' 11. Redondo ', ' 5. Queiroz Costa ', ' 15. Pinto ', ' 10. Andonova ', ' 12. Baños Indakoetxea ', ' 6. Toletti ', ' 16. Soares Paz ', ' 19. Calligaris ', ' 20. Tomás Serer ', ' 3. Mendoza Miralles ', ' 13. Părăluță ']","[' 11. Redondo ', ' 5. Queiroz Costa ', ' 15. Pinto ', ' 10. Andonova ', ' 12. Baños Indakoetxea ', ' 6. Toletti ', ' 16. Soares Paz ', ' 19. Calligaris ', ' 20. Tomás Serer ', ' 3. Mendoza Miralles ', ' 13. Părăluță ']","[{'time': 23, 'player_1': 'Jessica Martínez', 'player_2': '', 'event': 'Cartão amarelo'}, {'time': 25, 'player_1': 'Gio', 'player_2': '', 'event': 'Gol'}, {'time': 33, 'player_1': 'Leire Baños', 'player_2': '', 'event': 'Gol'}, {'time': 59, 'player_1': 'Sandie Toletti', 'player_2': '', 'event': 'Cartão amarelo'}, {'time': 61, 'player_1': 'Estela Carbonell', 'player_2': 'Jucinara', 'event': 'Substituição'}, {'time': 61, 'player_1': 'Ana Franco', 'player_2': 'Jessica Martínez', 'event': 'Substituição'}, {'time': 62, 'player_1': 'Michele Vasconcelos', 'player_2': 'Inma Gabarro', 'event': 'Substituição'}, {'time': 67, 'player_1': 'Teresa Merida', 'player_2': '', 'event': 'Cartão amarelo'}, {'time': 72, 'player_1': 'Carol', 'player_2': 'Nataša Andonova', 'event': 'Substituição'}, {'time': 72, 'player_1': 'Andrea Falcón', 'player_2': 'Gio', 'event': 'Substituição'}, {'time': 73, 'player_1': 'Grace Kazadi', 'player_2': 'Débora García', 'event': 'Substituição'}, {'time': 73, 'player_1': 'Elisa del Estal', 'player_2': 'Antionette Payne', 'event': 'Substituição'}, {'time': 78, 'player_1': 'Nagore Calderón', 'player_2': 'Teresa Merida', 'event': 'Substituição'}, {'time': 81, 'player_1': 'Carol', 'player_2': 'Tatiana Pinto', 'event': 'Gol'}, {'time': 82, 'player_1': 'Érika González', 'player_2': 'Alba Redondo', 'event': 'Substituição'}, {'time': 82, 'player_1': 'Fiamma Iannuzzi', 'player_2': 'Tatiana Pinto', 'event': 'Substituição'}]",[],"[{'info_title': 'Competição', 'info_content': 'Primeira Divisão'}, {'info_title': 'Início', 'info_content': '03/04/22'}, {'info_title': 'Estádio', 'info_content': 'Ciudad Deportiva de Buñol - Campo 1'}]"
1,26/03/22,Sevilha Feminino,Eibar Feminino,4,1,"[' 8. Martínez Villagra ', ' 10. Gabarro ', ' 18. Cahynová ', ' 11. Oyedupe Payne ', ' 16. Rivero ', ' 12. Araya ', ' 14. Otermin Abella ', ' 26. Merida Cañete ', ' 23. Gaitan ', ' 17. García Mateo ', ' 24. Sullastres Ayuso ']","[' 8. Martínez Villagra ', ' 10. Gabarro ', ' 18. Cahynová ', ' 11. Oyedupe Payne ', ' 16. Rivero ', ' 12. Araya ', ' 14. Otermin Abella ', ' 26. Merida Cañete ', ' 23. Gaitan ', ' 17. García Mateo ', ' 24. Sullastres Ayuso ']","[{'time': 14, 'player_1': 'Jessica Martínez', 'player_2': 'Antionette Payne', 'event': 'Gol'}, {'time': 17, 'player_1': 'Carmen Álvarez', 'player_2': 'Carla Morera', 'event': 'Gol'}, {'time': 38, 'player_1': 'Teresa Merida', 'player_2': '', 'event': 'Gol'}, {'time': 46, 'player_1': 'Ana de Teresa', 'player_2': 'Maria Llompart', 'event': 'Substituição'}, {'time': 47, 'player_1': 'Racheal Kundananji', 'player_2': '', 'event': 'Cartão amarelo'}, {'time': 56, 'player_1': 'Rosa Otermin', 'player_2': '', 'event': 'Gol'}, {'time': 62, 'player_1': 'Karen Araya', 'player_2': '', 'event': 'Gol'}, {'time': 62, 'player_1': 'Irati Martín', 'player_2': 'Racheal Kundananji', 'event': 'Substituição'}, {'time': 73, 'player_1': 'Honoka Yonei', 'player_2': 'Arene Altonaga', 'event': 'Substituição'}, {'time': 73, 'player_1': 'Nerea Gantxegi', 'player_2': 'Noko Matlou', 'event': 'Substituição'}, {'time': 75, 'player_1': 'Michele Vasconcelos', 'player_2': 'Jessica Martínez', 'event': 'Substituição'}, {'time': 75, 'player_1': 'Grace Kazadi', 'player_2': 'Débora García', 'event': 'Substituição'}, {'time': 78, 'player_1': 'Sheila Elorza', 'player_2': 'Carmen Álvarez', 'event': 'Substituição'}, {'time': 84, 'player_1': 'Amparo Delgado', 'player_2': 'Karen Araya', 'event': 'Substituição'}, {'time': 84, 'player_1': 'Ana Franco', 'player_2': 'Inma Gabarro', 'event': 'Substituição'}, {'time': 86, 'player_1': 'Elisa del Estal', 'player_2': 'Antionette Payne', 'event': 'Substituição'}]",[],"[{'info_title': 'Competição', 'info_content': 'Primeira Divisão'}, {'info_title': 'Início', 'info_content': '26/03/22'}, {'info_title': 'Estádio', 'info_content': 'Estadio Jesús Navas'}]"
2,16/03/22,UDG Tenerife,Sevilha Feminino,2,0,"[' 9. Martín-Prieto Gutierrez ', ' 17. Pérez González ', ' 7. Blom ', ' 12. Falknor ', ' 15. Hernandez ', ' 11. Zaremba ', ' 23. Peña Rodríguez ', ' 3. Cubedo Pitarch ', ' 14. Ramos Álvarez ', ' 22. Gavira Collado ', ' 24. Ramos Álvarez ']","[' 9. Martín-Prieto Gutierrez ', ' 17. Pérez González ', ' 7. Blom ', ' 12. Falknor ', ' 15. Hernandez ', ' 11. Zaremba ', ' 23. Peña Rodríguez ', ' 3. Cubedo Pitarch ', ' 14. Ramos Álvarez ', ' 22. Gavira Collado ', ' 24. Ramos Álvarez ']","[{'time': 33, 'player_1': 'Isabella Echeverri', 'player_2': '', 'event': 'Cartão amarelo'}, {'time': 47, 'player_1': 'Claire Falknor', 'player_2': '', 'event': 'Gol'}, {'time': 46, 'player_1': 'Sydny Nasello', 'player_2': 'Natalia Ramos', 'event': 'Substituição'}, {'time': 46, 'player_1': 'Ange Nguessan', 'player_2': 'María José Pérez', 'event': 'Substituição'}, {'time': 55, 'player_1': 'Ange Nguessan', 'player_2': 'Cristina Martín-Prieto', 'event': 'Gol'}, {'time': 57, 'player_1': 'Antionette Payne', 'player_2': 'Isabella Echeverri', 'event': 'Substituição'}, {'time': 57, 'player_1': 'Klára Cahynová', 'player_2': 'Débora García', 'event': 'Substituição'}, {'time': 60, 'player_1': 'Rosa Otermin', 'player_2': '', 'event': 'Cartão amarelo'}, {'time': 61, 'player_1': 'Beatrice Goad', 'player_2': 'Jassina Blom', 'event': 'Substituição'}, {'time': 65, 'player_1': 'Inma Gabarro', 'player_2': 'Ana Franco', 'event': 'Substituição'}, {'time': 66, 'player_1': 'Michele Vasconcelos', 'player_2': 'Karen Araya', 'event': 'Substituição'}, {'time': 67, 'player_1': 'Nagore Calderón', 'player_2': '', 'event': 'Cartão vermelho'}, {'time': 69, 'player_1': 'Almudena Rivero', 'player_2': 'Jessica Martínez', 'event': 'Substituição'}, {'time': 73, 'player_1': 'Sara Lopez', 'player_2': 'Cristina Cubedo', 'event': 'Substituição'}, {'time': 77, 'player_1': 'Silvia Doblado', 'player_2': 'Cristina Martín-Prieto', 'event': 'Substituição'}, {'time': 78, 'player_1': 'Klára Cahynová', 'player_2': '', 'event': 'Cartão amarelo'}, {'time': 87, 'player_1': 'Patri Gavira', 'player_2': '', 'event': 'Cartão amarelo'}, {'time': 91, 'player_1': 'Lucía', 'player_2': '', 'event': 'Cartão amarelo'}]",[],"[{'info_title': 'Competição', 'info_content': 'Copa de la Reina'}, {'info_title': 'Início', 'info_content': '16/03/22'}, {'info_title': 'Estádio', 'info_content': 'Estadio La Palmera'}]"
3,13/03/22,UDG Tenerife,Sevilha Feminino,1,0,"[' 17. Pérez González ', ' 9. Martín-Prieto Gutierrez ', ' 7. Blom ', ' 6. Hernández Díaz ', ' 14. Ramos Álvarez ', ' 15. Hernandez ', ' 23. Peña Rodríguez ', ' 22. Gavira Collado ', ' 28. Lopez Suarez ', ' 8. Nguessan ', ' 24. Ramos Álvarez ']","[' 17. Pérez González ', ' 9. Martín-Prieto Gutierrez ', ' 7. Blom ', ' 6. Hernández Díaz ', ' 14. Ramos Álvarez ', ' 15. Hernandez ', ' 23. Peña Rodríguez ', ' 22. Gavira Collado ', ' 28. Lopez Suarez ', ' 8. Nguessan ', ' 24. Ramos Álvarez ']","[{'time': 42, 'player_1': 'Klára Cahynová', 'player_2': '', 'event': 'Cartão amarelo'}, {'time': 46, 'player_1': 'Sydny Nasello', 'player_2': 'Sara Lopez', 'event': 'Substituição'}, {'time': 65, 'player_1': 'Claire Falknor', 'player_2': 'Paola Hernández', 'event': 'Substituição'}, {'time': 65, 'player_1': 'Beatrice Goad', 'player_2': 'Jassina Blom', 'event': 'Substituição'}, {'time': 68, 'player_1': 'Ana Franco', 'player_2': 'Jessica Martínez', 'event': 'Substituição'}, {'time': 68, 'player_1': 'Inma Gabarro', 'player_2': 'Karen Araya', 'event': 'Substituição'}, {'time': 72, 'player_1': 'Javiera Toro', 'player_2': '', 'event': 'Cartão amarelo'}, {'time': 75, 'player_1': 'Rosa Otermin', 'player_2': 'Michele Vasconcelos', 'event': 'Substituição'}, {'time': 75, 'player_1': 'Nagore Calderón', 'player_2': 'Antionette Payne', 'event': 'Substituição'}, {'time': 78, 'player_1': 'Sydny Nasello', 'player_2': 'Cristina Martín-Prieto', 'event': 'Gol'}, {'time': 83, 'player_1': 'Patri Gavira', 'player_2': '', 'event': 'Cartão amarelo'}, {'time': 84, 'player_1': 'Silvia Doblado', 'player_2': 'Ange Nguessan', 'event': 'Substituição'}, {'time': 84, 'player_1': 'Isabella Echeverri', 'player_2': 'Natalia Gaitan', 'event': 'Substituição'}, {'time': 88, 'player_1': 'Raissa Feudjio', 'player_2': 'María José Pérez', 'event': 'Substituição'}]",[],"[{'info_title': 'Competição', 'info_content': 'Primeira Divisão'}, {'info_title': 'Início', 'info_content': '13/03/22'}, {'info_title': 'Estádio', 'info_content': 'Estadio Heliodoro Rodríguez Lopéz'}]"
4,06/03/22,Sevilha Feminino,Real Betis Feminino,0,0,"[' 26. Merida Cañete ', ' 23. Gaitan ', ' 11. Oyedupe Payne ', ' 8. Martínez Villagra ', ' 10. Gabarro ', ' 6. Calderón Rodríguez ', ' 14. Otermin Abella ', ' 5. Echeverri ', ' 15. Delgado Vega ', ' 16. Rivero ', ' 24. Sullastres Ayuso ']","[' 26. Merida Cañete ', ' 23. Gaitan ', ' 11. Oyedupe Payne ', ' 8. Martínez Villagra ', ' 10. Gabarro ', ' 6. Calderón Rodríguez ', ' 14. Otermin Abella ', ' 5. Echeverri ', ' 15. Delgado Vega ', ' 16. Rivero ', ' 24. Sullastres Ayuso ']","[{'time': 16, 'player_1': 'Dorine', 'player_2': '', 'event': 'Cartão amarelo'}, {'time': 53, 'player_1': 'Klára Cahynová', 'player_2': 'Jessica Martínez', 'event': 'Substituição'}, {'time': 53, 'player_1': 'Karen Araya', 'player_2': 'Nagore Calderón', 'event': 'Substituição'}, {'time': 53, 'player_1': 'Michele Vasconcelos', 'player_2': 'Almudena Rivero', 'event': 'Substituição'}, {'time': 62, 'player_1': 'Ana Franco', 'player_2': 'Inma Gabarro', 'event': 'Substituição'}, {'time': 65, 'player_1': 'Laura Moreno', 'player_2': 'Grace Asantewaa', 'event': 'Substituição'}, {'time': 79, 'player_1': 'Ana Franco', 'player_2': '', 'event': 'Cartão amarelo'}, {'time': 83, 'player_1': 'Victoria Benitez', 'player_2': 'Lucía León', 'event': 'Substituição'}, {'time': 84, 'player_1': 'Elisa del Estal', 'player_2': 'Antionette Payne', 'event': 'Substituição'}, {'time': 84, 'player_1': 'Stefanie da Eira', 'player_2': 'Mari Paz Vilas', 'event': 'Substituição'}, {'time': 92, 'player_1': 'Laurina', 'player_2': 'Ángela Sosa', 'event': 'Substituição'}, {'time': 92, 'player_1': 'Nuria Ligero', 'player_2': 'Rinsola Babajide', 'event': 'Substituição'}]",[],"[{'info_title': 'Competição', 'info_content': 'Primeira Divisão'}, {'info_title': 'Início', 'info_content': '06/03/22'}, {'info_title': 'Estádio', 'info_content': 'Estadio Ramón Sánchez Pizjuán'}]"
5,01/03/22,Athletic Bilbao Feminino,Sevilha Feminino,0,1,"[' 17. García ', ' 20. Arana Montes ', ' 22. Barea Nuñez ', ' 16. Azkona Fuente ', ' 18. Uriarte Santamaría ', ' 12. Oguiza ', ' 3. Vicente ', ' 4. Murua Astorkiza ', ' 6. Valdezate Cabornero ', ' 11. Hernández Zurbano ', ' 24. Quiñones ']","[' 17. García ', ' 20. Arana Montes ', ' 22. Barea Nuñez ', ' 16. Azkona Fuente ', ' 18. Uriarte Santamaría ', ' 12. Oguiza ', ' 3. Vicente ', ' 4. Murua Astorkiza ', ' 6. Valdezate Cabornero ', ' 11. Hernández Zurbano ', ' 24. Quiñones ']","[{'time': 6, 'player_1': 'Débora García', 'player_2': '', 'event': 'Gol'}, {'time': 27, 'player_1': 'Itzel González', 'player_2': '', 'event': 'Cartão amarelo'}, {'time': 41, 'player_1': 'Klára Cahynová', 'player_2': 'Natalia Gaitan', 'event': 'Substituição'}, {'time': 46, 'player_1': 'Eunate Arraiza', 'player_2': 'Paula Arana', 'event': 'Substituição'}, {'time': 46, 'player_1': 'Erika Vazquez', 'player_2': 'Peke Barea', 'event': 'Substituição'}, {'time': 46, 'player_1': 'Clara Pinedo', 'player_2': 'Itxaso Uriarte', 'event': 'Substituição'}, {'time': 61, 'player_1': 'Javiera Toro', 'player_2': 'Almudena Rivero', 'event': 'Substituição'}, {'time': 61, 'player_1': 'Karen Araya', 'player_2': 'Michele Vasconcelos', 'event': 'Substituição'}, {'time': 69, 'player_1': 'Player 0', 'player_2': '', 'event': 'Cartão amarelo'}, {'time': 70, 'player_1': 'Inma Gabarro', 'player_2': '', 'event': 'Cartão amarelo'}, {'time': 74, 'player_1': 'Ana Franco', 'player_2': 'Inma Gabarro', 'event': 'Substituição'}, {'time': 74, 'player_1': 'Elisa del Estal', 'player_2': 'Jessica Martínez', 'event': 'Substituição'}, {'time': 80, 'player_1': 'Javiera Toro', 'player_2': '', 'event': 'Cartão amarelo'}, {'time': 81, 'player_1': 'Nekane Díez', 'player_2': 'Ane Azkona', 'event': 'Substituição'}]",[],"[{'info_title': 'Competição', 'info_content': 'Copa de la Reina'}, {'info_title': 'Início', 'info_content': '01/03/22'}, {'info_title': 'Estádio', 'info_content': 'Instalaciones de Lezama Campo 1'}]"
6,13/02/22,Atlético de Madrid Feminino,Sevilha Feminino,5,0,"[' 16. Ajibade ', ' 17. Latorre ', ' 22. Banini ', ' 15. Meseguer ', ' 7. López Millán ', ' 6. Sampedro ', ' 11. Menayo Montero ', ' 5. Van Dongen ', ' 4. Aleixandri ', ' 21. García Gómez ', ' 13. Gallardo ']","[' 16. Ajibade ', ' 17. Latorre ', ' 22. Banini ', ' 15. Meseguer ', ' 7. López Millán ', ' 6. Sampedro ', ' 11. Menayo Montero ', ' 5. Van Dongen ', ' 4. Aleixandri ', ' 21. García Gómez ', ' 13. Gallardo ']","[{'time': 17, 'player_1': 'Lucía', 'player_2': 'Nazareth Martín', 'event': 'Substituição'}, {'time': 20, 'player_1': 'Estefania Banini', 'player_2': 'Barbara Latorre', 'event': 'Gol'}, {'time': 26, 'player_1': 'Barbara Latorre', 'player_2': '', 'event': 'Gol'}, {'time': 32, 'player_1': 'Rasheedat Ajibade', 'player_2': 'Barbara Latorre', 'event': 'Gol'}, {'time': 37, 'player_1': 'Rasheedat Ajibade', 'player_2': 'Amanda Sampedro', 'event': 'Gol'}]",[],"[{'info_title': 'Competição', 'info_content': 'Primeira Divisão'}, {'info_title': 'Início', 'info_content': '13/02/22'}, {'info_title': 'Estádio', 'info_content': 'Estadio Wanda Atlético de Madrid Alcalá de Henares'}]"
7,06/02/22,Deportivo Alavés Feminino,Sevilha Feminino,1,1,"[' 19. Carrillo ', ' 18. Chamorro Gómez ', ' 16. Clark ', ' 14. Diéguez de Oña ', ' 23. Ito ', ' 12. Facila ', ' 21. Martínez Viota ', ' 3. Ohale ', ' 2. García Majarín ', ' 11. Armengol Joaniquet ', ' 1. Cornejo Vega ']","[' 19. Carrillo ', ' 18. Chamorro Gómez ', ' 16. Clark ', ' 14. Diéguez de Oña ', ' 23. Ito ', ' 12. Facila ', ' 21. Martínez Viota ', ' 3. Ohale ', ' 2. García Majarín ', ' 11. Armengol Joaniquet ', ' 1. Cornejo Vega ']","[{'time': 29, 'player_1': 'Jessica Martínez', 'player_2': 'Antionette Payne', 'event': 'Gol'}, {'time': 37, 'player_1': 'Sara Carrillo', 'player_2': 'Lice Chamorro', 'event': 'Gol'}, {'time': 46, 'player_1': 'Ane Miren', 'player_2': 'Vera Martínez', 'event': 'Substituição'}, {'time': 46, 'player_1': 'Cristina Auñon', 'player_2': 'Sara Carrillo', 'event': 'Substituição'}, {'time': 66, 'player_1': 'Karen Araya', 'player_2': 'Klára Cahynová', 'event': 'Substituição'}, {'time': 66, 'player_1': 'Rosa Otermin', 'player_2': 'Inma Gabarro', 'event': 'Substituição'}, {'time': 75, 'player_1': 'Elisa del Estal', 'player_2': 'Jessica Martínez', 'event': 'Substituição'}, {'time': 76, 'player_1': 'Nerea Nevado', 'player_2': 'Miku Ito', 'event': 'Substituição'}, {'time': 77, 'player_1': 'Antionette Payne', 'player_2': '', 'event': 'Cartão amarelo'}, {'time': 80, 'player_1': 'Sanadri', 'player_2': 'Carla Armengol', 'event': 'Substituição'}, {'time': 91, 'player_1': 'Michele Vasconcelos', 'player_2': 'Antionette Payne', 'event': 'Substituição'}]",[],"[{'info_title': 'Competição', 'info_content': 'Primeira Divisão'}, {'info_title': 'Início', 'info_content': '06/02/22'}, {'info_title': 'Estádio', 'info_content': 'Ciudad Deportiva José Luis Compañón'}]"
8,02/02/22,Sevilha Feminino,Villarreal Feminino,0,3,"[' 21. del Estal Mateu ', ' 22. Vasconcelos ', ' 12. Araya ', ' 11. Oyedupe Payne ', ' 23. Gaitan ', ' 6. Calderón Rodríguez ', ' 15. Delgado Vega ', ' 5. Echeverri ', ' 3. Ramírez Ramos ', ' 17. García Mateo ', ' 24. Sullastres Ayuso ']","[' 21. del Estal Mateu ', ' 22. Vasconcelos ', ' 12. Araya ', ' 11. Oyedupe Payne ', ' 23. Gaitan ', ' 6. Calderón Rodríguez ', ' 15. Delgado Vega ', ' 5. Echeverri ', ' 3. Ramírez Ramos ', ' 17. García Mateo ', ' 24. Sullastres Ayuso ']","[{'time': 23, 'player_1': 'Débora García', 'player_2': '', 'event': 'Cartão amarelo'}, {'time': 33, 'player_1': 'Lucía', 'player_2': '', 'event': 'Cartão amarelo'}, {'time': 42, 'player_1': 'Yenifer Giménez', 'player_2': '', 'event': 'Cartão amarelo'}, {'time': 46, 'player_1': 'Grace Kazadi', 'player_2': 'Débora García', 'event': 'Substituição'}, {'time': 50, 'player_1': 'Irene Miguélez', 'player_2': 'Yenifer Giménez', 'event': 'Substituição'}, {'time': 54, 'player_1': 'Teresa Morató', 'player_2': 'Lara Mata', 'event': 'Gol'}, {'time': 59, 'player_1': 'Francisca Lara', 'player_2': '', 'event': 'Cartão amarelo'}, {'time': 61, 'player_1': 'Rosa Otermin', 'player_2': 'Elisa del Estal', 'event': 'Substituição'}, {'time': 61, 'player_1': 'Inma Gabarro', 'player_2': 'Karen Araya', 'event': 'Substituição'}, {'time': 63, 'player_1': 'Sheila Guijarro', 'player_2': '', 'event': 'Gol'}, {'time': 66, 'player_1': 'Teresa Morató', 'player_2': 'Sheila Guijarro', 'event': 'Gol'}, {'time': 69, 'player_1': 'Klára Cahynová', 'player_2': 'Michele Vasconcelos', 'event': 'Substituição'}, {'time': 76, 'player_1': 'Nazareth Martín', 'player_2': 'Amparo Delgado', 'event': 'Substituição'}, {'time': 77, 'player_1': 'Zaira Flores', 'player_2': 'Belén', 'event': 'Substituição'}, {'time': 77, 'player_1': 'Raquel Pinel', 'player_2': 'Sheila Guijarro', 'event': 'Substituição'}, {'time': 86, 'player_1': 'Vera Rico', 'player_2': 'Teresa Morató', 'event': 'Substituição'}, {'time': 86, 'player_1': 'Olivia Oprea', 'player_2': 'Cienfu', 'event': 'Substituição'}, {'time': 89, 'player_1': 'Klára Cahynová', 'player_2': '', 'event': 'Cartão amarelo'}]",[],"[{'info_title': 'Competição', 'info_content': 'Primeira Divisão'}, {'info_title': 'Início', 'info_content': '02/02/22'}, {'info_title': 'Estádio', 'info_content': 'Estadio Jesús Navas'}]"
9,29/01/22,Real Madrid Feminino,Sevilha Feminino,3,1,"[' 16. Møller Hansen ', ' 23. Svava ', ' 22. del Castillo Belvide ', ' 21. Zornoza Sánchez ', ' 6. Kaci ', ' 8. Oroz Areta ', ' 7. Carmona García ', ' 5. Andrés ', ' 4. Peter ', ' 2. Kenti Robles Salas ', ' 1. Rodríguez Rivero ']","[' 16. Møller Hansen ', ' 23. Svava ', ' 22. del Castillo Belvide ', ' 21. Zornoza Sánchez ', ' 6. Kaci ', ' 8. Oroz Areta ', ' 7. Carmona García ', ' 5. Andrés ', ' 4. Peter ', ' 2. Kenti Robles Salas ', ' 1. Rodríguez Rivero ']","[{'time': 18, 'player_1': 'Jessica Martínez', 'player_2': '', 'event': 'Cartão amarelo'}, {'time': 28, 'player_1': 'Natalia Gaitan', 'player_2': '', 'event': 'Gol'}, {'time': 29, 'player_1': 'Maite Oroz', 'player_2': 'Olga Carmona', 'event': 'Gol'}, {'time': 37, 'player_1': 'Claudia Zornoza', 'player_2': 'Maite Oroz', 'event': 'Gol'}, {'time': 57, 'player_1': 'Claudia Zornoza', 'player_2': '', 'event': 'Cartão amarelo'}, {'time': 61, 'player_1': 'Aurélie Kaci', 'player_2': '', 'event': 'Cartão amarelo'}, {'time': 62, 'player_1': 'Klára Cahynová', 'player_2': 'Karen Araya', 'event': 'Substituição'}, {'time': 62, 'player_1': 'Javiera Toro', 'player_2': 'Almudena Rivero', 'event': 'Substituição'}, {'time': 63, 'player_1': 'Javiera Toro', 'player_2': '', 'event': 'Cartão amarelo'}, {'time': 64, 'player_1': 'Marta Cardona', 'player_2': 'Olga Carmona', 'event': 'Substituição'}, {'time': 64, 'player_1': 'Teresa Abelleira', 'player_2': 'Claudia Zornoza', 'event': 'Substituição'}, {'time': 68, 'player_1': 'Rosa Otermin', 'player_2': 'Lucía', 'event': 'Substituição'}, {'time': 73, 'player_1': 'Kosovare Asllani', 'player_2': 'Caroline Møller', 'event': 'Substituição'}, {'time': 78, 'player_1': 'Michele Vasconcelos', 'player_2': 'Jessica Martínez', 'event': 'Substituição'}, {'time': 78, 'player_1': 'Elisa del Estal', 'player_2': 'Débora García', 'event': 'Substituição'}, {'time': 84, 'player_1': 'Athenea del Castillo', 'player_2': '', 'event': 'Gol'}, {'time': 85, 'player_1': 'Esther Gonzalez', 'player_2': 'Athenea del Castillo', 'event': 'Substituição'}, {'time': 85, 'player_1': 'Lucía Rodríguez', 'player_2': 'Vaitiare Kenti Robles Salas', 'event': 'Substituição'}, {'time': 93, 'player_1': 'Kosovare Asllani', 'player_2': '', 'event': 'Cartão amarelo'}]",[],"[{'info_title': 'Competição', 'info_content': 'Primeira Divisão'}, {'info_title': 'Início', 'info_content': '29/01/22'}, {'info_title': 'Estádio', 'info_content': 'Estadio Alfredo Di Stéfano'}]"
10,16/01/22,Sevilha Feminino,Valência Feminino,3,1,"[' 8. Martínez Villagra ', ' 22. Vasconcelos ', ' 12. Araya ', ' 10. Gabarro ', ' 23. Gaitan ', ' 6. Calderón Rodríguez ', ' 16. Rivero ', ' 3. Ramírez Ramos ', ' 5. Echeverri ', ' 17. García Mateo ', ' 24. Sullastres Ayuso ']","[' 8. Martínez Villagra ', ' 22. Vasconcelos ', ' 12. Araya ', ' 10. Gabarro ', ' 23. Gaitan ', ' 6. Calderón Rodríguez ', ' 16. Rivero ', ' 3. Ramírez Ramos ', ' 5. Echeverri ', ' 17. García Mateo ', ' 24. Sullastres Ayuso ']","[{'time': 1, 'player_1': 'Nagore Calderón', 'player_2': 'Karen Araya', 'event': 'Gol'}, {'time': 46, 'player_1': 'Antionette Payne', 'player_2': 'Inma Gabarro', 'event': 'Substituição'}, {'time': 50, 'player_1': 'María Jiménez', 'player_2': 'Anna Torrodà', 'event': 'Gol'}, {'time': 55, 'player_1': 'Elisa del Estal', 'player_2': 'Jessica Martínez', 'event': 'Substituição'}, {'time': 57, 'player_1': 'Michele Vasconcelos', 'player_2': 'Elisa del Estal', 'event': 'Gol'}, {'time': 58, 'player_1': 'Olga San Nicolas', 'player_2': 'Asun Martínez', 'event': 'Substituição'}, {'time': 65, 'player_1': 'Antionette Payne', 'player_2': '', 'event': 'Gol'}, {'time': 67, 'player_1': 'Kerlly Real', 'player_2': '', 'event': 'Cartão amarelo'}, {'time': 68, 'player_1': 'Rosa Otermin', 'player_2': 'Michele Vasconcelos', 'event': 'Substituição'}, {'time': 69, 'player_1': 'Iina Salmi', 'player_2': 'Bea Beltrán', 'event': 'Substituição'}, {'time': 69, 'player_1': 'Paula Guerrero', 'player_2': 'Kerlly Real', 'event': 'Substituição'}, {'time': 77, 'player_1': 'Ellen Jansen', 'player_2': 'Marta Carro', 'event': 'Substituição'}, {'time': 77, 'player_1': 'Dominika Čonč', 'player_2': 'Esther Martín-Pozuelo', 'event': 'Substituição'}, {'time': 80, 'player_1': 'Anna Torrodà', 'player_2': '', 'event': 'Cartão amarelo'}, {'time': 81, 'player_1': 'Amparo Delgado', 'player_2': 'Débora García', 'event': 'Substituição'}, {'time': 81, 'player_1': 'Teresa Merida', 'player_2': 'Karen Araya', 'event': 'Substituição'}, {'time': 86, 'player_1': 'Anna Torrodà', 'player_2': '', 'event': 'Segundo cartão amarelo'}, {'time': 91, 'player_1': 'Amparo Delgado', 'player_2': '', 'event': 'Cartão amarelo'}, {'time': 92, 'player_1': 'Isabella Echeverri', 'player_2': '', 'event': 'Cartão amarelo'}]",[],"[{'info_title': 'Competição', 'info_content': 'Primeira Divisão'}, {'info_title': 'Início', 'info_content': '16/01/22'}, {'info_title': 'Estádio', 'info_content': 'Estadio Jesús Navas'}]"
11,12/01/22,Sevilha Feminino,Rayo Valhecano Feminino,2,1,"[' 8. Martínez Villagra ', ' 10. Gabarro ', ' 14. Otermin Abella ', ' 9. Franco de la Vega ', ' 23. Gaitan ', ' 6. Calderón Rodríguez ', ' 16. Rivero ', ' 27. Martín Vázquez ', ' 3. Ramírez Ramos ', ' 17. García Mateo ', ' 24. Sullastres Ayuso ']","[' 8. Martínez Villagra ', ' 10. Gabarro ', ' 14. Otermin Abella ', ' 9. Franco de la Vega ', ' 23. Gaitan ', ' 6. Calderón Rodríguez ', ' 16. Rivero ', ' 27. Martín Vázquez ', ' 3. Ramírez Ramos ', ' 17. García Mateo ', ' 24. Sullastres Ayuso ']","[{'time': 24, 'player_1': 'Jessica Martínez', 'player_2': 'Débora García', 'event': 'Gol'}, {'time': 42, 'player_1': 'Paula Andújar', 'player_2': '', 'event': 'Cartão amarelo'}, {'time': 59, 'player_1': 'Nagore Calderón', 'player_2': '', 'event': 'Cartão amarelo'}, {'time': 60, 'player_1': 'Isabella Echeverri', 'player_2': 'Lucía', 'event': 'Substituição'}, {'time': 60, 'player_1': 'Amparo Delgado', 'player_2': 'Rosa Otermin', 'event': 'Substituição'}, {'time': 60, 'player_1': 'Elisa del Estal', 'player_2': 'Ana Franco', 'event': 'Substituição'}, {'time': 64, 'player_1': 'Millene Cabral', 'player_2': 'Slađana Bulatovic', 'event': 'Substituição'}, {'time': 64, 'player_1': 'Isadora Freitas', 'player_2': 'Yoko Tanaka', 'event': 'Substituição'}, {'time': 67, 'player_1': 'Karen Araya', 'player_2': 'Jessica Martínez', 'event': 'Substituição'}, {'time': 73, 'player_1': 'Isadora Freitas', 'player_2': 'Pauleta', 'event': 'Gol'}, {'time': 75, 'player_1': 'Antionette Payne', 'player_2': 'Débora García', 'event': 'Substituição'}, {'time': 82, 'player_1': 'Leles', 'player_2': 'Paula Fernández', 'event': 'Substituição'}, {'time': 84, 'player_1': 'Elisa del Estal', 'player_2': 'Inma Gabarro', 'event': 'Gol'}, {'time': 89, 'player_1': 'Carla Bautista', 'player_2': 'Pauleta', 'event': 'Substituição'}]",[],"[{'info_title': 'Competição', 'info_content': 'Primeira Divisão'}, {'info_title': 'Início', 'info_content': '12/01/22'}, {'info_title': 'Estádio', 'info_content': 'Estadio Jesús Navas'}]"
12,08/01/22,Madrid CFF,Sevilha Feminino,1,2,"[' 49. López Serrano Felix ', ' 9. Nunes da Silva ', ' 25. Librán Quiroga ', ' 11. Bonsegundo ', ' 18. Chikwelu ', ' 14. Rubio Álvarez ', ' 7. Domínguez Rojo ', ' 5. Monica ', ' 3. da Costa Silva ', ' 16. Pinillos Moreno ', ' 1. Ulloa Jiménez ']","[' 49. López Serrano Felix ', ' 9. Nunes da Silva ', ' 25. Librán Quiroga ', ' 11. Bonsegundo ', ' 18. Chikwelu ', ' 14. Rubio Álvarez ', ' 7. Domínguez Rojo ', ' 5. Monica ', ' 3. da Costa Silva ', ' 16. Pinillos Moreno ', ' 1. Ulloa Jiménez ']","[{'time': 6, 'player_1': 'Monica', 'player_2': '', 'event': 'Cartão amarelo'}, {'time': 7, 'player_1': 'Rosa Otermin', 'player_2': 'Pênalti', 'event': ''}, {'time': 46, 'player_1': 'Geyse', 'player_2': 'Maria Bonsegundo', 'event': 'Substituição'}, {'time': 53, 'player_1': 'Nagore Calderón', 'player_2': '', 'event': 'Cartão amarelo'}, {'time': 55, 'player_1': 'Rosa Otermin', 'player_2': '', 'event': 'Cartão amarelo'}, {'time': 56, 'player_1': 'Elisa del Estal', 'player_2': 'Rosa Otermin', 'event': 'Substituição'}, {'time': 56, 'player_1': 'Michele Vasconcelos', 'player_2': 'Ana Franco', 'event': 'Substituição'}, {'time': 77, 'player_1': 'Nazareth Martín', 'player_2': 'Nagore Calderón', 'event': 'Substituição'}, {'time': 82, 'player_1': 'Sara Ronzero', 'player_2': 'Itziar Pinillos', 'event': 'Substituição'}, {'time': 83, 'player_1': 'Cristina Librán', 'player_2': 'Vicky López', 'event': 'Gol'}, {'time': 87, 'player_1': 'Elisa del Estal', 'player_2': 'Inma Gabarro', 'event': 'Gol'}, {'time': 89, 'player_1': 'Amparo Delgado', 'player_2': 'Inma Gabarro', 'event': 'Substituição'}]",[],"[{'info_title': 'Competição', 'info_content': 'Primeira Divisão'}, {'info_title': 'Início', 'info_content': '08/01/22'}, {'info_title': 'Estádio', 'info_content': 'Estadio Municipal Nuevo Matapiñonera'}]"
13,22/12/21,Sevilha Feminino,UDG Tenerife,1,2,"[' 7. Coleman ', ' 10. Gabarro ', ' 9. Franco de la Vega ', ' 23. Gaitan ', ' 6. Calderón Rodríguez ', ' 18. Cahynová ', ' 20. Toro ', ' 3. Ramírez Ramos ', ' 19. Nicart Mejías ', ' 17. García Mateo ', ' 24. Sullastres Ayuso ']","[' 7. Coleman ', ' 10. Gabarro ', ' 9. Franco de la Vega ', ' 23. Gaitan ', ' 6. Calderón Rodríguez ', ' 18. Cahynová ', ' 20. Toro ', ' 3. Ramírez Ramos ', ' 19. Nicart Mejías ', ' 17. García Mateo ', ' 24. Sullastres Ayuso ']","[{'time': 30, 'player_1': 'Jassina Blom', 'player_2': 'Pisco', 'event': 'Gol'}, {'time': 44, 'player_1': 'Javiera Toro', 'player_2': '', 'event': 'Cartão amarelo'}, {'time': 46, 'player_1': 'Elisa del Estal', 'player_2': 'Inma Gabarro', 'event': 'Substituição'}, {'time': 46, 'player_1': 'Jessica Martínez', 'player_2': 'Ana Franco', 'event': 'Substituição'}, {'time': 46, 'player_1': 'Antionette Payne', 'player_2': 'Klára Cahynová', 'event': 'Substituição'}, {'time': 53, 'player_1': 'Cristina Martín-Prieto', 'player_2': '', 'event': 'Cartão amarelo'}, {'time': 56, 'player_1': 'Natalia Ramos', 'player_2': '', 'event': 'Cartão amarelo'}, {'time': 58, 'player_1': 'Cristina Martín-Prieto', 'player_2': 'Patri Gavira', 'event': 'Gol'}, {'time': 66, 'player_1': 'Almudena Rivero', 'player_2': 'Débora García', 'event': 'Substituição'}, {'time': 69, 'player_1': 'Silvia Doblado', 'player_2': 'Paola Hernández', 'event': 'Substituição'}, {'time': 69, 'player_1': 'Beatrice Goad', 'player_2': 'María José Pérez', 'event': 'Substituição'}, {'time': 74, 'player_1': 'Rosa Otermin', 'player_2': 'Zenatha Coleman', 'event': 'Substituição'}, {'time': 77, 'player_1': 'Antionette Payne', 'player_2': 'Rosa Otermin', 'event': 'Gol'}, {'time': 80, 'player_1': 'Ange Nguessan', 'player_2': 'Jassina Blom', 'event': 'Substituição'}, {'time': 84, 'player_1': 'Player 0', 'player_2': '', 'event': 'Cartão amarelo'}, {'time': 86, 'player_1': 'Roosa Ariyo', 'player_2': 'Sandra Hernandez', 'event': 'Substituição'}, {'time': 87, 'player_1': 'Patri Gavira', 'player_2': '', 'event': 'Cartão amarelo'}, {'time': 95, 'player_1': 'Antionette Payne', 'player_2': '', 'event': 'Cartão amarelo'}]",[],"[{'info_title': 'Competição', 'info_content': 'Primeira Divisão'}, {'info_title': 'Início', 'info_content': '22/12/21'}, {'info_title': 'Estádio', 'info_content': 'Estadio Jesús Navas'}]"
14,18/12/21,Universidade Cajasol Trigueros,Sevilha Feminino,0,0,"[' 12. Keane ', ' 9. Ramírez Ramírez ', ' 11. Marcos Moral ', ' 8. Kanteh Cham ', ' 18. Sørensen Abildå ', ' 16. Castelló Oliver ', ' 10. Fisher ', ' 5. Del Mar Rodriguez Costa ', ' 4. Santana ', ' 15. Ojeda ', ' 1. Ashurst ']","[' 12. Keane ', ' 9. Ramírez Ramírez ', ' 11. Marcos Moral ', ' 8. Kanteh Cham ', ' 18. Sørensen Abildå ', ' 16. Castelló Oliver ', ' 10. Fisher ', ' 5. Del Mar Rodriguez Costa ', ' 4. Santana ', ' 15. Ojeda ', ' 1. Ashurst ']","[{'time': 58, 'player_1': 'Inma Gabarro', 'player_2': 'Rosa Otermin', 'event': 'Substituição'}, {'time': 62, 'player_1': 'Paula Nicart', 'player_2': '', 'event': 'Cartão amarelo'}, {'time': 69, 'player_1': 'Zenatha Coleman', 'player_2': 'Jessica Martínez', 'event': 'Substituição'}, {'time': 78, 'player_1': 'Cristina Gey', 'player_2': 'Hannah Keane', 'event': 'Substituição'}, {'time': 85, 'player_1': 'Nagore Calderón', 'player_2': 'Elisa del Estal', 'event': 'Substituição'}, {'time': 85, 'player_1': 'Ana Franco', 'player_2': 'Antionette Payne', 'event': 'Substituição'}, {'time': 92, 'player_1': 'Vanesa Santana', 'player_2': '', 'event': 'Cartão vermelho'}, {'time': 95, 'player_1': 'Player 0', 'player_2': '', 'event': 'Cartão vermelho'}]",[],"[{'info_title': 'Competição', 'info_content': 'Primeira Divisão'}, {'info_title': 'Início', 'info_content': '18/12/21'}, {'info_title': 'Estádio', 'info_content': 'Campo Federativo de la Orden'}]"
15,12/12/21,Sevilha Feminino,Atlético de Madrid Feminino,0,0,"[' 19. Nicart Mejías ', ' 20. Toro ', ' 23. Gaitan ', ' 15. Delgado Vega ', ' 7. Coleman ', ' 11. Oyedupe Payne ', ' 6. Calderón Rodríguez ', ' 10. Gabarro ', ' 8. Martínez Villagra ', ' 3. Ramírez Ramos ', ' 24. Sullastres Ayuso ']","[' 19. Nicart Mejías ', ' 20. Toro ', ' 23. Gaitan ', ' 15. Delgado Vega ', ' 7. Coleman ', ' 11. Oyedupe Payne ', ' 6. Calderón Rodríguez ', ' 10. Gabarro ', ' 8. Martínez Villagra ', ' 3. Ramírez Ramos ', ' 24. Sullastres Ayuso ']","[{'time': 20, 'player_1': 'Amanda Frisbie', 'player_2': '', 'event': 'Cartão amarelo'}, {'time': 26, 'player_1': 'Zenatha Coleman', 'player_2': '', 'event': 'Cartão amarelo'}, {'time': 57, 'player_1': 'Elisa del Estal', 'player_2': 'Zenatha Coleman', 'event': 'Substituição'}, {'time': 58, 'player_1': 'Ana Franco', 'player_2': 'Jessica Martínez', 'event': 'Substituição'}, {'time': 63, 'player_1': 'Carmen Menayo', 'player_2': 'Amanda Frisbie', 'event': 'Substituição'}, {'time': 64, 'player_1': 'Thembi Kgatlana', 'player_2': 'Ludmila', 'event': 'Substituição'}, {'time': 71, 'player_1': 'Amanda Sampedro', 'player_2': 'Barbara Latorre', 'event': 'Substituição'}, {'time': 75, 'player_1': 'Michele Vasconcelos', 'player_2': 'Inma Gabarro', 'event': 'Substituição'}, {'time': 85, 'player_1': 'Deyna Castellanos', 'player_2': '', 'event': 'Cartão amarelo'}, {'time': 86, 'player_1': 'Player 0', 'player_2': '', 'event': 'Cartão vermelho'}, {'time': 87, 'player_1': 'Almudena Rivero', 'player_2': 'Antionette Payne', 'event': 'Substituição'}, {'time': 88, 'player_1': 'Klára Cahynová', 'player_2': 'Amparo Delgado', 'event': 'Substituição'}, {'time': 89, 'player_1': 'Ana Franco', 'player_2': '', 'event': 'Cartão amarelo'}, {'time': 90, 'player_1': 'Silvia Meseguer', 'player_2': 'Leicy Santos', 'event': 'Substituição'}, {'time': 91, 'player_1': 'Rasheedat Ajibade', 'player_2': 'Aissatou Tounkara', 'event': 'Substituição'}, {'time': 92, 'player_1': 'Merel Van Dongen', 'player_2': '', 'event': 'Cartão amarelo'}, {'time': 96, 'player_1': 'Deyna Castellanos', 'player_2': '', 'event': 'Segundo cartão amarelo'}]",[],"[{'info_title': 'Competição', 'info_content': 'Primeira Divisão'}, {'info_title': 'Início', 'info_content': '12/12/21'}, {'info_title': 'Estádio', 'info_content': 'Estadio Jesús Navas'}]"
16,04/12/21,Real Betis Feminino,Sevilha Feminino,0,0,"[' 15. Asantewaa ', ' 10. Paz Vilas Dono ', ' 7. Sosa Martín ', ' 21. Perea Ramírez ', ' 8. Jacobs ', ' 5. Valle López ', ' 3. Medina Martín ', ' 4. González Rosa ', ' 14. Marte León ', ' 19. Chuigoue ', ' 1. Thalmann ']","[' 15. Asantewaa ', ' 10. Paz Vilas Dono ', ' 7. Sosa Martín ', ' 21. Perea Ramírez ', ' 8. Jacobs ', ' 5. Valle López ', ' 3. Medina Martín ', ' 4. González Rosa ', ' 14. Marte León ', ' 19. Chuigoue ', ' 1. Thalmann ']","[{'time': 26, 'player_1': 'Grace Asantewaa', 'player_2': '', 'event': 'Cartão amarelo'}, {'time': 28, 'player_1': 'Ana Franco', 'player_2': '', 'event': 'Cartão amarelo'}, {'time': 38, 'player_1': 'Paula Nicart', 'player_2': '', 'event': 'Cartão amarelo'}, {'time': 46, 'player_1': 'Antionette Payne', 'player_2': 'Ana Franco', 'event': 'Substituição'}, {'time': 54, 'player_1': 'Jessica Martínez', 'player_2': 'Elisa del Estal', 'event': 'Substituição'}, {'time': 65, 'player_1': 'Ángela Sosa', 'player_2': '', 'event': 'Cartão amarelo'}, {'time': 72, 'player_1': 'Jessica Martínez', 'player_2': '', 'event': 'Cartão amarelo'}, {'time': 75, 'player_1': 'Javiera Toro', 'player_2': 'Zenatha Coleman', 'event': 'Substituição'}, {'time': 75, 'player_1': 'Klára Cahynová', 'player_2': 'Nagore Calderón', 'event': 'Substituição'}, {'time': 77, 'player_1': 'Laurina', 'player_2': 'Lucía León', 'event': 'Substituição'}, {'time': 77, 'player_1': 'Eva Llamas', 'player_2': 'Andrea Medina', 'event': 'Substituição'}, {'time': 82, 'player_1': 'Inma Gabarro', 'player_2': '', 'event': 'Cartão amarelo'}, {'time': 93, 'player_1': 'Natalie Jacobs', 'player_2': '', 'event': 'Cartão amarelo'}]",[],"[{'info_title': 'Competição', 'info_content': 'Primeira Divisão'}, {'info_title': 'Início', 'info_content': '04/12/21'}, {'info_title': 'Estádio', 'info_content': 'Ciudad Deportiva Luis de Sol'}]"
17,20/11/21,Sevilha Feminino,Barcelona Feminino,1,10,"[' 21. del Estal Mateu ', ' 10. Gabarro ', ' 23. Gaitan ', ' 6. Calderón Rodríguez ', ' 11. Oyedupe Payne ', ' 14. Otermin Abella ', ' 20. Toro ', ' 27. Martín Vázquez ', ' 19. Nicart Mejías ', ' 17. García Mateo ', ' 24. Sullastres Ayuso ']","[' 21. del Estal Mateu ', ' 10. Gabarro ', ' 23. Gaitan ', ' 6. Calderón Rodríguez ', ' 11. Oyedupe Payne ', ' 14. Otermin Abella ', ' 20. Toro ', ' 27. Martín Vázquez ', ' 19. Nicart Mejías ', ' 17. García Mateo ', ' 24. Sullastres Ayuso ']","[{'time': 2, 'player_1': 'Jennifer Hermoso', 'player_2': 'Fridolina Rolfo', 'event': 'Gol'}, {'time': 6, 'player_1': 'Ana-Maria Crnogorcevic', 'player_2': 'María León', 'event': 'Gol'}, {'time': 17, 'player_1': 'Ana-Maria Crnogorcevic', 'player_2': 'Fridolina Rolfo', 'event': 'Gol'}, {'time': 28, 'player_1': 'Jennifer Hermoso', 'player_2': 'Alexia Putellas', 'event': 'Gol'}, {'time': 37, 'player_1': 'Fridolina Rolfo', 'player_2': 'Jennifer Hermoso', 'event': 'Gol'}, {'time': 44, 'player_1': 'Elisa del Estal', 'player_2': 'Nagore Calderón', 'event': 'Gol'}, {'time': 46, 'player_1': 'Irene Paredes', 'player_2': 'María León', 'event': 'Substituição'}, {'time': 46, 'player_1': 'Aitana Bonmatí', 'player_2': 'Alexia Putellas', 'event': 'Substituição'}, {'time': 46, 'player_1': 'Mariona Caldentey', 'player_2': 'Ana-Maria Crnogorcevic', 'event': 'Substituição'}, {'time': 58, 'player_1': 'Melani Serrano', 'player_2': 'Fridolina Rolfo', 'event': 'Substituição'}, {'time': 58, 'player_1': 'Fridolina Rolfo', 'player_2': 'Aitana Bonmatí', 'event': 'Gol'}, {'time': 62, 'player_1': 'Jessica Martínez', 'player_2': 'Inma Gabarro', 'event': 'Substituição'}, {'time': 62, 'player_1': 'Zenatha Coleman', 'player_2': 'Rosa Otermin', 'event': 'Substituição'}, {'time': 62, 'player_1': 'Klára Cahynová', 'player_2': 'Elisa del Estal', 'event': 'Substituição'}, {'time': 70, 'player_1': 'Jana Fernández', 'player_2': 'Leila Ouhabi', 'event': 'Substituição'}, {'time': 72, 'player_1': 'Ana Franco', 'player_2': 'Antionette Payne', 'event': 'Substituição'}, {'time': 82, 'player_1': 'Claudia Pina', 'player_2': '', 'event': 'Gol'}, {'time': 82, 'player_1': 'Almudena Rivero', 'player_2': 'Nagore Calderón', 'event': 'Substituição'}, {'time': 83, 'player_1': 'Mariona Caldentey', 'player_2': 'Claudia Pina', 'event': 'Gol'}, {'time': 86, 'player_1': 'Jennifer Hermoso', 'player_2': 'Mariona Caldentey', 'event': 'Gol'}, {'time': 93, 'player_1': 'Jennifer Hermoso', 'player_2': 'Mariona Caldentey', 'event': 'Gol'}]",[],"[{'info_title': 'Competição', 'info_content': 'Primeira Divisão'}, {'info_title': 'Início', 'info_content': '20/11/21'}, {'info_title': 'Estádio', 'info_content': 'Estadio Jesús Navas'}]"
18,14/11/21,Villarreal Feminino,Sevilha Feminino,2,3,"[' 19. Martínez Sousa ', ' 9. Guijarro Gómez ', ' 6. Cienfuegos Baragaño ', ' 12. Flores Nogueras ', ' 20. Campo Franco ', ' 10. Pinel Sáez ', ' 15. Lara ', ' 18. Soldevila de la Pisa ', ' 22. Mata Caudevilla ', ' 14. Pérez Machado ', ' 1. de Toro Aldaria ']","[' 19. Martínez Sousa ', ' 9. Guijarro Gómez ', ' 6. Cienfuegos Baragaño ', ' 12. Flores Nogueras ', ' 20. Campo Franco ', ' 10. Pinel Sáez ', ' 15. Lara ', ' 18. Soldevila de la Pisa ', ' 22. Mata Caudevilla ', ' 14. Pérez Machado ', ' 1. de Toro Aldaria ']","[{'time': 13, 'player_1': 'Natalia Gaitan', 'player_2': '', 'event': 'Cartão amarelo'}, {'time': 22, 'player_1': 'Inma Gabarro', 'player_2': 'Zenatha Coleman', 'event': 'Gol'}, {'time': 24, 'player_1': 'Inma Gabarro', 'player_2': 'Javiera Toro', 'event': 'Gol'}, {'time': 37, 'player_1': 'Zaira Flores', 'player_2': '', 'event': 'Cartão amarelo'}, {'time': 39, 'player_1': 'Ainoa Campo', 'player_2': '', 'event': 'Cartão amarelo'}, {'time': 46, 'player_1': 'Francisca Lara', 'player_2': '', 'event': 'Cartão amarelo'}, {'time': 49, 'player_1': 'Javiera Toro', 'player_2': 'Gol contra', 'event': 'Gol contra'}, {'time': 62, 'player_1': 'Paula Nicart', 'player_2': '', 'event': 'Cartão amarelo'}, {'time': 63, 'player_1': 'Rosa Otermin', 'player_2': 'Zenatha Coleman', 'event': 'Substituição'}, {'time': 63, 'player_1': 'Elisa del Estal', 'player_2': 'Michele Vasconcelos', 'event': 'Substituição'}, {'time': 70, 'player_1': 'Antionette Payne', 'player_2': 'Rosa Otermin', 'event': 'Gol'}, {'time': 75, 'player_1': 'Sara Medina', 'player_2': 'Raquel Pinel', 'event': 'Substituição'}, {'time': 75, 'player_1': 'Klára Cahynová', 'player_2': 'Natalia Gaitan', 'event': 'Substituição'}, {'time': 82, 'player_1': 'Lucía', 'player_2': '', 'event': 'Cartão amarelo'}, {'time': 85, 'player_1': 'Bea Prades', 'player_2': 'Ainoa Campo', 'event': 'Substituição'}, {'time': 85, 'player_1': 'Olivia Oprea', 'player_2': 'Francisca Lara', 'event': 'Substituição'}, {'time': 87, 'player_1': 'Ana Franco', 'player_2': 'Inma Gabarro', 'event': 'Substituição'}, {'time': 87, 'player_1': 'Almudena Rivero', 'player_2': 'Javiera Toro', 'event': 'Substituição'}, {'time': 89, 'player_1': 'Sara Bermell', 'player_2': 'Sheila Guijarro', 'event': 'Substituição'}, {'time': 90, 'player_1': 'Lucía', 'player_2': 'Gol contra', 'event': 'Gol contra'}]",[],"[{'info_title': 'Competição', 'info_content': 'Primeira Divisão'}, {'info_title': 'Início', 'info_content': '14/11/21'}, {'info_title': 'Estádio', 'info_content': 'Ciudad Deportiva del Villarreal'}]"
19,06/11/21,Sevilha Feminino,Deportivo Alavés Feminino,1,0,"[' 8. Martínez Villagra ', ' 10. Gabarro ', ' 9. Franco de la Vega ', ' 22. Vasconcelos ', ' 23. Gaitan ', ' 6. Calderón Rodríguez ', ' 20. Toro ', ' 3. Ramírez Ramos ', ' 19. Nicart Mejías ', ' 17. García Mateo ', ' 24. Sullastres Ayuso ']","[' 8. Martínez Villagra ', ' 10. Gabarro ', ' 9. Franco de la Vega ', ' 22. Vasconcelos ', ' 23. Gaitan ', ' 6. Calderón Rodríguez ', ' 20. Toro ', ' 3. Ramírez Ramos ', ' 19. Nicart Mejías ', ' 17. García Mateo ', ' 24. Sullastres Ayuso ']","[{'time': 46, 'player_1': 'Alba', 'player_2': 'Sanadri', 'event': 'Substituição'}, {'time': 46, 'player_1': 'Nerea Nevado', 'player_2': 'Garazi Facila', 'event': 'Substituição'}, {'time': 60, 'player_1': 'Elisa del Estal', 'player_2': 'Michele Vasconcelos', 'event': 'Substituição'}, {'time': 60, 'player_1': 'Zenatha Coleman', 'player_2': 'Jessica Martínez', 'event': 'Substituição'}, {'time': 61, 'player_1': 'Abdulai Mukarama', 'player_2': 'Ane Miren', 'event': 'Substituição'}, {'time': 69, 'player_1': 'Antionette Payne', 'player_2': 'Ana Franco', 'event': 'Substituição'}, {'time': 75, 'player_1': 'Sara Carrillo', 'player_2': 'Lice Chamorro', 'event': 'Substituição'}, {'time': 75, 'player_1': 'Gema Soliveres', 'player_2': 'Jordan Clark', 'event': 'Substituição'}, {'time': 86, 'player_1': 'Cristina Auñon', 'player_2': 'Gol contra', 'event': 'Gol contra'}, {'time': 90, 'player_1': 'Almudena Rivero', 'player_2': 'Inma Gabarro', 'event': 'Substituição'}, {'time': 90, 'player_1': 'Klára Cahynová', 'player_2': 'Nagore Calderón', 'event': 'Substituição'}]",[],"[{'info_title': 'Competição', 'info_content': 'Primeira Divisão'}, {'info_title': 'Início', 'info_content': '06/11/21'}, {'info_title': 'Estádio', 'info_content': 'Estadio Jesús Navas'}]"
20,31/10/21,Rayo Valhecano Feminino,Sevilha Feminino,1,0,"[' 22. Bores Vázquez ', ' 14. Sancho González ', ' 7. Ponciano del Río ', ' 21. Carrión Egido ', ' 5. Andújar Jiménez ', ' 17. Cabral Vieira ', ' 18. Saez ', ' 6. Fernández Jiménez ', ' 4. García Villalba ', ' 3. Ballesté ', ' 1. Larqué Juste ']","[' 22. Bores Vázquez ', ' 14. Sancho González ', ' 7. Ponciano del Río ', ' 21. Carrión Egido ', ' 5. Andújar Jiménez ', ' 17. Cabral Vieira ', ' 18. Saez ', ' 6. Fernández Jiménez ', ' 4. García Villalba ', ' 3. Ballesté ', ' 1. Larqué Juste ']","[{'time': 48, 'player_1': 'Millene Cabral', 'player_2': '', 'event': 'Gol'}, {'time': 56, 'player_1': 'Paula Andújar', 'player_2': '', 'event': 'Cartão amarelo'}, {'time': 61, 'player_1': 'Klára Cahynová', 'player_2': 'Nagore Calderón', 'event': 'Substituição'}, {'time': 61, 'player_1': 'Elisa del Estal', 'player_2': 'Michele Vasconcelos', 'event': 'Substituição'}, {'time': 66, 'player_1': 'Slađana Bulatovic', 'player_2': 'Millene Cabral', 'event': 'Substituição'}, {'time': 66, 'player_1': 'Isadora Freitas', 'player_2': 'Pauleta', 'event': 'Substituição'}, {'time': 78, 'player_1': 'Paula Fernández', 'player_2': '', 'event': 'Cartão amarelo'}, {'time': 79, 'player_1': 'Ana Franco', 'player_2': 'Inma Gabarro', 'event': 'Substituição'}, {'time': 79, 'player_1': 'Zenatha Coleman', 'player_2': 'Débora García', 'event': 'Substituição'}, {'time': 80, 'player_1': 'Danielle Hayden', 'player_2': 'Iris Ponciano', 'event': 'Substituição'}, {'time': 88, 'player_1': 'María Bores', 'player_2': '', 'event': 'Cartão amarelo'}, {'time': 91, 'player_1': 'Jessica Martínez', 'player_2': '', 'event': 'Cartão amarelo'}]",[],"[{'info_title': 'Competição', 'info_content': 'Primeira Divisão'}, {'info_title': 'Início', 'info_content': '31/10/21'}, {'info_title': 'Estádio', 'info_content': 'Ciudad Deportiva Rayo Vallecano Campo 4'}]"
21,16/10/21,Sevilha Feminino,Real Madrid Feminino,3,0,"[' 10. Gabarro ', ' 14. Otermin Abella ', ' 8. Martínez Villagra ', ' 11. Oyedupe Payne ', ' 23. Gaitan ', ' 6. Calderón Rodríguez ', ' 20. Toro ', ' 3. Ramírez Ramos ', ' 19. Nicart Mejías ', ' 17. García Mateo ', ' 24. Sullastres Ayuso ']","[' 10. Gabarro ', ' 14. Otermin Abella ', ' 8. Martínez Villagra ', ' 11. Oyedupe Payne ', ' 23. Gaitan ', ' 6. Calderón Rodríguez ', ' 20. Toro ', ' 3. Ramírez Ramos ', ' 19. Nicart Mejías ', ' 17. García Mateo ', ' 24. Sullastres Ayuso ']","[{'time': 9, 'player_1': 'Inma Gabarro', 'player_2': '', 'event': 'Gol'}, {'time': 51, 'player_1': 'Babett Peter', 'player_2': '', 'event': 'Cartão amarelo'}, {'time': 52, 'player_1': 'Inma Gabarro', 'player_2': 'Débora García', 'event': 'Gol'}, {'time': 54, 'player_1': 'Nahikari García', 'player_2': 'Caroline Møller', 'event': 'Substituição'}, {'time': 57, 'player_1': 'Ana Franco', 'player_2': 'Rosa Otermin', 'event': 'Substituição'}, {'time': 57, 'player_1': 'Almudena Rivero', 'player_2': 'Nagore Calderón', 'event': 'Substituição'}, {'time': 60, 'player_1': 'Lucía Rodríguez', 'player_2': 'Claudia', 'event': 'Substituição'}, {'time': 64, 'player_1': 'Nazareth Martín', 'player_2': 'Débora García', 'event': 'Substituição'}, {'time': 64, 'player_1': 'Michele Vasconcelos', 'player_2': 'Inma Gabarro', 'event': 'Substituição'}, {'time': 73, 'player_1': 'Marta Corredera', 'player_2': 'Babett Peter', 'event': 'Substituição'}, {'time': 81, 'player_1': 'Jessica Martínez', 'player_2': 'Pênalti', 'event': ''}, {'time': 84, 'player_1': 'Klára Cahynová', 'player_2': 'Jessica Martínez', 'event': 'Substituição'}, {'time': 84, 'player_1': 'Jessica Martínez', 'player_2': '', 'event': 'Cartão amarelo'}, {'time': 87, 'player_1': 'Javiera Toro', 'player_2': '', 'event': 'Cartão amarelo'}]",[],"[{'info_title': 'Competição', 'info_content': 'Primeira Divisão'}, {'info_title': 'Início', 'info_content': '16/10/21'}, {'info_title': 'Estádio', 'info_content': 'Estadio Jesús Navas'}]"
22,10/10/21,Sevilha Feminino,Athletic Bilbao Feminino,0,0,"[' 21. del Estal Mateu ', ' 7. Coleman ', ' 8. Martínez Villagra ', ' 11. Oyedupe Payne ', ' 14. Otermin Abella ', ' 23. Gaitan ', ' 20. Toro ', ' 5. Echeverri ', ' 19. Nicart Mejías ', ' 17. García Mateo ', ' 24. Sullastres Ayuso ']","[' 21. del Estal Mateu ', ' 7. Coleman ', ' 8. Martínez Villagra ', ' 11. Oyedupe Payne ', ' 14. Otermin Abella ', ' 23. Gaitan ', ' 20. Toro ', ' 5. Echeverri ', ' 19. Nicart Mejías ', ' 17. García Mateo ', ' 24. Sullastres Ayuso ']","[{'time': 19, 'player_1': 'Jessica Martínez', 'player_2': '', 'event': 'Cartão amarelo'}, {'time': 35, 'player_1': 'Javiera Toro', 'player_2': '', 'event': 'Cartão amarelo'}, {'time': 53, 'player_1': 'Player 0', 'player_2': '', 'event': 'Cartão amarelo'}, {'time': 58, 'player_1': 'Inma Gabarro', 'player_2': 'Zenatha Coleman', 'event': 'Substituição'}, {'time': 58, 'player_1': 'Ana Franco', 'player_2': 'Elisa del Estal', 'event': 'Substituição'}, {'time': 58, 'player_1': 'Nagore Calderón', 'player_2': 'Rosa Otermin', 'event': 'Substituição'}, {'time': 69, 'player_1': 'Paula Arana', 'player_2': 'Erika Vazquez', 'event': 'Substituição'}, {'time': 80, 'player_1': 'Lucía', 'player_2': 'Isabella Echeverri', 'event': 'Substituição'}, {'time': 88, 'player_1': 'Klára Cahynová', 'player_2': 'Jessica Martínez', 'event': 'Substituição'}, {'time': 98, 'player_1': 'Garazi Murua', 'player_2': '', 'event': 'Cartão amarelo'}]",[],"[{'info_title': 'Competição', 'info_content': 'Primeira Divisão'}, {'info_title': 'Início', 'info_content': '10/10/21'}, {'info_title': 'Estádio', 'info_content': 'Ciudad Deportiva José Ramón Cisneros - Campo 5'}]"
23,03/10/21,Valência Feminino,Sevilha Feminino,1,2,"[' 9. Martínez Salinas ', ' 8. Andújar Jiménez ', ' 11. Čonč ', ' 18. Altuve Mancilla ', ' 2. Pujadas Boix ', ' 21. Torrodà Ricart ', ' 4. Jiménez ', ' 5. Carro Nolasco ', ' 22. Schulze-Solano ', ' 15. Martín-Pozuelo Aranda ', ' 13. Gil Pérez ']","[' 9. Martínez Salinas ', ' 8. Andújar Jiménez ', ' 11. Čonč ', ' 18. Altuve Mancilla ', ' 2. Pujadas Boix ', ' 21. Torrodà Ricart ', ' 4. Jiménez ', ' 5. Carro Nolasco ', ' 22. Schulze-Solano ', ' 15. Martín-Pozuelo Aranda ', ' 13. Gil Pérez ']","[{'time': 5, 'player_1': 'Kerlly Real', 'player_2': 'Berta Pujadas', 'event': 'Substituição'}, {'time': 28, 'player_1': 'Isabella Echeverri', 'player_2': '', 'event': 'Cartão amarelo'}, {'time': 29, 'player_1': 'Esther Martín-Pozuelo', 'player_2': '', 'event': 'Cartão amarelo'}, {'time': 42, 'player_1': 'Inma Gabarro', 'player_2': '', 'event': 'Cartão amarelo'}, {'time': 43, 'player_1': 'Esther Martín-Pozuelo', 'player_2': '', 'event': 'Gol'}, {'time': 53, 'player_1': 'Javiera Toro', 'player_2': '', 'event': 'Cartão amarelo'}, {'time': 64, 'player_1': 'Zenatha Coleman', 'player_2': 'Ana Franco', 'event': 'Substituição'}, {'time': 64, 'player_1': 'Elisa del Estal', 'player_2': 'Javiera Toro', 'event': 'Substituição'}, {'time': 64, 'player_1': 'Michele Vasconcelos', 'player_2': 'Inma Gabarro', 'event': 'Substituição'}, {'time': 68, 'player_1': 'Elisa del Estal', 'player_2': 'Zenatha Coleman', 'event': 'Gol'}, {'time': 69, 'player_1': 'Linda Bakker', 'player_2': 'Bibiane Schulze-Solano', 'event': 'Substituição'}, {'time': 69, 'player_1': 'Bea Beltrán', 'player_2': 'Esther Martín-Pozuelo', 'event': 'Substituição'}, {'time': 73, 'player_1': 'Teresa Merida', 'player_2': 'Natalia Gaitan', 'event': 'Substituição'}, {'time': 78, 'player_1': 'Jessica Martínez', 'player_2': 'Klára Cahynová', 'event': 'Substituição'}, {'time': 82, 'player_1': 'Zenatha Coleman', 'player_2': 'Elisa del Estal', 'event': 'Gol'}, {'time': 86, 'player_1': 'Iina Salmi', 'player_2': 'Dominika Čonč', 'event': 'Substituição'}, {'time': 86, 'player_1': 'Ellen Jansen', 'player_2': 'Oriana Altuve', 'event': 'Substituição'}]",[],"[{'info_title': 'Competição', 'info_content': 'Primeira Divisão'}, {'info_title': 'Início', 'info_content': '03/10/21'}, {'info_title': 'Estádio', 'info_content': 'Estadio Antonio Puchades (Ciudad Deportiva Valencia)'}]"
24,29/09/21,Sevilha Feminino,Madrid CFF,2,2,"[' 10. Gabarro ', ' 7. Coleman ', ' 22. Vasconcelos ', ' 11. Oyedupe Payne ', ' 23. Gaitan ', ' 18. Cahynová ', ' 14. Otermin Abella ', ' 5. Echeverri ', ' 3. Ramírez Ramos ', ' 27. Martín Vázquez ', ' 24. Sullastres Ayuso ']","[' 10. Gabarro ', ' 7. Coleman ', ' 22. Vasconcelos ', ' 11. Oyedupe Payne ', ' 23. Gaitan ', ' 18. Cahynová ', ' 14. Otermin Abella ', ' 5. Echeverri ', ' 3. Ramírez Ramos ', ' 27. Martín Vázquez ', ' 24. Sullastres Ayuso ']","[{'time': 24, 'player_1': 'Lucía', 'player_2': '', 'event': 'Cartão amarelo'}, {'time': 40, 'player_1': 'Antionette Payne', 'player_2': 'Inma Gabarro', 'event': 'Gol'}, {'time': 46, 'player_1': 'Ana Franco', 'player_2': 'Zenatha Coleman', 'event': 'Substituição'}, {'time': 46, 'player_1': 'Almudena Rivero', 'player_2': 'Natalia Gaitan', 'event': 'Substituição'}, {'time': 52, 'player_1': 'Monica', 'player_2': 'Estela Fernández', 'event': 'Gol'}, {'time': 58, 'player_1': 'Rosa Otermin', 'player_2': '', 'event': 'Gol'}, {'time': 61, 'player_1': 'Nagore Calderón', 'player_2': 'Michele Vasconcelos', 'event': 'Substituição'}, {'time': 64, 'player_1': 'Nazareth Martín', 'player_2': '', 'event': 'Cartão amarelo'}, {'time': 65, 'player_1': 'Débora García', 'player_2': 'Nazareth Martín', 'event': 'Substituição'}, {'time': 69, 'player_1': 'Rita Chikwelu', 'player_2': 'Silvia Rubio', 'event': 'Substituição'}, {'time': 73, 'player_1': 'Geyse', 'player_2': 'Kerolin', 'event': 'Gol'}, {'time': 76, 'player_1': 'Jessica Martínez', 'player_2': 'Rosa Otermin', 'event': 'Substituição'}, {'time': 81, 'player_1': 'Laura Domínguez', 'player_2': 'Maria Bonsegundo', 'event': 'Substituição'}, {'time': 84, 'player_1': 'Gabi Nunes', 'player_2': '', 'event': 'Cartão amarelo'}, {'time': 92, 'player_1': 'Lucía Pardo', 'player_2': 'Geyse', 'event': 'Substituição'}]",[],"[{'info_title': 'Competição', 'info_content': 'Primeira Divisão'}, {'info_title': 'Início', 'info_content': '29/09/21'}, {'info_title': 'Estádio', 'info_content': 'Estadio Jesús Navas'}]"
25,25/09/21,Real Sociedad Feminino,Sevilha Feminino,2,0,"[' 9. Franssi ', ' 4. Pieuler ', ' 21. Gili ', ' 10. Eizagirre Lasa ', ' 7. Sarriegi Isasa ', ' 8. Arnaiz Gil ', ' 19. Rábano Blanco ', ' 22. Vanegas Cataño ', ' 3. Tejada Jiménez ', ' 18. Ramírez Gorgoso ', ' 25. Lete Para ']","[' 9. Franssi ', ' 4. Pieuler ', ' 21. Gili ', ' 10. Eizagirre Lasa ', ' 7. Sarriegi Isasa ', ' 8. Arnaiz Gil ', ' 19. Rábano Blanco ', ' 22. Vanegas Cataño ', ' 3. Tejada Jiménez ', ' 18. Ramírez Gorgoso ', ' 25. Lete Para ']","[{'time': 19, 'player_1': 'Inma Gabarro', 'player_2': '', 'event': 'Cartão amarelo'}, {'time': 55, 'player_1': 'Nagore Calderón', 'player_2': '', 'event': 'Cartão amarelo'}, {'time': 62, 'player_1': 'Paula Nicart', 'player_2': 'Gol contra', 'event': 'Gol contra'}, {'time': 65, 'player_1': 'Rosa Otermin', 'player_2': 'Zenatha Coleman', 'event': 'Substituição'}, {'time': 66, 'player_1': 'Klára Cahynová', 'player_2': 'Elisa del Estal', 'event': 'Substituição'}, {'time': 66, 'player_1': 'Michele Vasconcelos', 'player_2': 'Inma Gabarro', 'event': 'Substituição'}, {'time': 66, 'player_1': 'Mirari Uria', 'player_2': 'Clare Pieuler', 'event': 'Substituição'}, {'time': 75, 'player_1': 'Sanni Franssi', 'player_2': 'Amaiur Sarriegi', 'event': 'Gol'}, {'time': 75, 'player_1': 'Ana Franco', 'player_2': 'Nagore Calderón', 'event': 'Substituição'}, {'time': 78, 'player_1': 'Izarne Sarasola', 'player_2': 'Nuria Rábano', 'event': 'Substituição'}, {'time': 78, 'player_1': 'Almudena Rivero', 'player_2': 'Javiera Toro', 'event': 'Substituição'}, {'time': 78, 'player_1': 'Gabriela García', 'player_2': 'Nerea Eizagirre', 'event': 'Substituição'}, {'time': 86, 'player_1': 'Claudia Fernández', 'player_2': 'Sanni Franssi', 'event': 'Substituição'}]",[],"[{'info_title': 'Competição', 'info_content': 'Primeira Divisão'}, {'info_title': 'Início', 'info_content': '25/09/21'}, {'info_title': 'Estádio', 'info_content': 'Instalaciones de Zubieta'}]"
26,12/09/21,Sevilha Feminino,Levante Feminino,0,0,"[' 11. Oyedupe Payne ', ' 8. Martínez Villagra ', ' 9. Franco de la Vega ', ' 18. Cahynová ', ' 16. Rivero ', ' 6. Calderón Rodríguez ', ' 20. Toro ', ' 5. Echeverri ', ' 19. Nicart Mejías ', ' 15. Delgado Vega ', ' 1. Ramos Álvarez ']","[' 11. Oyedupe Payne ', ' 8. Martínez Villagra ', ' 9. Franco de la Vega ', ' 18. Cahynová ', ' 16. Rivero ', ' 6. Calderón Rodríguez ', ' 20. Toro ', ' 5. Echeverri ', ' 19. Nicart Mejías ', ' 15. Delgado Vega ', ' 1. Ramos Álvarez ']","[{'time': 23, 'player_1': 'Tatiana Pinto', 'player_2': '', 'event': 'Cartão amarelo'}, {'time': 46, 'player_1': 'Inma Gabarro', 'player_2': 'Klára Cahynová', 'event': 'Substituição'}, {'time': 56, 'player_1': 'Gio', 'player_2': 'Alba Redondo', 'event': 'Substituição'}, {'time': 56, 'player_1': 'Aldana Cornetti', 'player_2': 'Tatiana Pinto', 'event': 'Substituição'}, {'time': 62, 'player_1': 'Elisa del Estal', 'player_2': 'Amparo Delgado', 'event': 'Substituição'}, {'time': 62, 'player_1': 'Teresa Merida', 'player_2': 'Ana Franco', 'event': 'Substituição'}, {'time': 73, 'player_1': 'Zenatha Coleman', 'player_2': 'Jessica Martínez', 'event': 'Substituição'}, {'time': 79, 'player_1': 'Nataša Andonova', 'player_2': 'Carol', 'event': 'Substituição'}, {'time': 79, 'player_1': 'Giovanna', 'player_2': 'Leire Baños', 'event': 'Substituição'}, {'time': 82, 'player_1': 'Lucía', 'player_2': 'Nagore Calderón', 'event': 'Substituição'}]",[],"[{'info_title': 'Competição', 'info_content': 'Primeira Divisão'}, {'info_title': 'Início', 'info_content': '12/09/21'}, {'info_title': 'Estádio', 'info_content': 'Estadio Jesús Navas'}]"
27,05/09/21,Eibar Feminino,Sevilha Feminino,3,2,"[' 19. Aparicio ', ' 22. Elorza Hernández ', ' 21. Navarro Rivera ', ' 20. Bernabe De Santiago ', ' 6. Llompart Pons ', ' 4. Verges Prats ', ' 3. Gómez Sarriol ', ' 7. Altonaga Echeverria ', ' 11. Morera Rincón ', ' 2. Pérez Etxeberria ', ' 1. García ']","[' 19. Aparicio ', ' 22. Elorza Hernández ', ' 21. Navarro Rivera ', ' 20. Bernabe De Santiago ', ' 6. Llompart Pons ', ' 4. Verges Prats ', ' 3. Gómez Sarriol ', ' 7. Altonaga Echeverria ', ' 11. Morera Rincón ', ' 2. Pérez Etxeberria ', ' 1. García ']","[{'time': 16, 'player_1': 'Arola Aparicio', 'player_2': 'Alejandra Bernabe', 'event': 'Gol'}, {'time': 20, 'player_1': 'Jessica Martínez', 'player_2': '', 'event': 'Gol'}, {'time': 37, 'player_1': 'Carla Morera', 'player_2': 'Arola Aparicio', 'event': 'Gol'}, {'time': 56, 'player_1': 'Rosa Otermin', 'player_2': 'Inma Gabarro', 'event': 'Substituição'}, {'time': 56, 'player_1': 'Javiera Toro', 'player_2': 'Almudena Rivero', 'event': 'Substituição'}, {'time': 57, 'player_1': 'Arola Aparicio', 'player_2': 'Alejandra Bernabe', 'event': 'Gol'}, {'time': 67, 'player_1': 'Teresa Merida', 'player_2': 'Klára Cahynová', 'event': 'Substituição'}, {'time': 67, 'player_1': 'Ana Franco', 'player_2': 'Elisa del Estal', 'event': 'Substituição'}, {'time': 75, 'player_1': 'Paula Nicart', 'player_2': 'Rosa Otermin', 'event': 'Gol'}, {'time': 76, 'player_1': 'Ane Campos', 'player_2': 'Sara Navarro', 'event': 'Substituição'}, {'time': 82, 'player_1': 'Aida Esteve', 'player_2': 'Maria Llompart', 'event': 'Substituição'}, {'time': 87, 'player_1': 'Ane Campos', 'player_2': '', 'event': 'Cartão amarelo'}, {'time': 90, 'player_1': 'Kuki', 'player_2': 'Carla Morera', 'event': 'Substituição'}, {'time': 90, 'player_1': 'Nerea Gantxegi', 'player_2': 'Arola Aparicio', 'event': 'Substituição'}, {'time': 91, 'player_1': 'Teresa Merida', 'player_2': '', 'event': 'Cartão amarelo'}, {'time': 94, 'player_1': 'Aida Esteve', 'player_2': '', 'event': 'Cartão amarelo'}]",[],"[{'info_title': 'Competição', 'info_content': 'Primeira Divisão'}, {'info_title': 'Início', 'info_content': '05/09/21'}, {'info_title': 'Estádio', 'info_content': 'Instalaciones de Unbe'}]"
